Clinic,Date,Total
12 Lead Electrocardiograms,18-Jan,391
12 Lead Electrocardiograms,18-Feb,495
12 Lead Electrocardiograms,18-Mar,510
12 Lead Electrocardiograms,18-Apr,568
12 Lead Electrocardiograms,18-May,514
12 Lead Electrocardiograms,18-Jun,489
12 Lead Electrocardiograms,18-Jul,512
12 Lead Electrocardiograms,18-Aug,527
12 Lead Electrocardiograms,18-Sep,541
12 Lead Electrocardiograms,18-Oct,552
12 Lead Electrocardiograms,18-Nov,545
12 Lead Electrocardiograms,18-Dec,562
12 Lead Electrocardiograms,19-Jan,578
12 Lead Electrocardiograms,19-Feb,575
12 Lead Electrocardiograms,19-Mar,525
12 Lead Electrocardiograms,19-Apr,560
12 Lead Electrocardiograms,19-May,515
12 Lead Electrocardiograms,19-Jun,535
12 Lead Electrocardiograms,19-Jul,560
12 Lead Electrocardiograms,19-Aug,525
12 Lead Electrocardiograms,19-Sep,531
12 Lead Electrocardiograms,19-Oct,519
12 Lead Electrocardiograms,19-Nov,525
12 Lead Electrocardiograms,19-Dec,569
12 Lead Electrocardiograms,20-Jan,510
12 Lead Electrocardiograms,20-Feb,470
12 Lead Electrocardiograms,20-Mar,271
12 Lead Electrocardiograms,20-Apr,32
12 Lead Electrocardiograms,20-May,46
ACC,18-Jan,118
ACC,18-Feb,78
ACC,18-Mar,87
ACC,18-Apr,123
ACC,18-May,94
ACC,18-Jun,69
ACC,18-Jul,98
ACC,18-Aug,88
ACC,18-Sep,79
ACC,18-Oct,105
ACC,18-Nov,104
ACC,18-Dec,67
ACC,19-Jan,107
ACC,19-Feb,126
ACC,19-Mar,110
ACC,19-Apr,153
ACC,19-May,108
ACC,19-Jun,106
ACC,19-Jul,113
ACC,19-Aug,111
ACC,19-Sep,100
ACC,19-Oct,132
ACC,19-Nov,105
ACC,19-Dec,136
ACC,20-Jan,129
ACC,20-Feb,120
ACC,20-Mar,67
ACC,20-Apr,1
ACC,20-May,12
Acupuncture,18-Jan,54
Acupuncture,18-Feb,15
Acupuncture,18-Mar,75
Acupuncture,18-Apr,79
Acupuncture,18-May,99
Acupuncture,18-Jun,47
Acupuncture,18-Jul,78
Acupuncture,18-Aug,89
Acupuncture,18-Sep,71
Acupuncture,18-Oct,43
Acupuncture,18-Nov,46
Acupuncture,18-Dec,39
Acupuncture,19-Jan,24
Acupuncture,19-Feb,22
Acupuncture,19-Mar,62
Acupuncture,19-Apr,70
Acupuncture,19-May,60
Acupuncture,19-Jun,69
Acupuncture,19-Jul,100
Acupuncture,19-Aug,67
Acupuncture,19-Sep,70
Acupuncture,19-Oct,93
Acupuncture,19-Nov,64
Acupuncture,19-Dec,54
Acupuncture,20-Jan,36
Acupuncture,20-Feb,11
Acupuncture,20-Mar,24
Acupuncture,20-Apr,0
Acupuncture,20-May,0
Antenatal,18-Jan,187
Antenatal,18-Feb,165
Antenatal,18-Mar,202
Antenatal,18-Apr,151
Antenatal,18-May,203
Antenatal,18-Jun,208
Antenatal,18-Jul,121
Antenatal,18-Aug,163
Antenatal,18-Sep,152
Antenatal,18-Oct,180
Antenatal,18-Nov,153
Antenatal,18-Dec,0
Antenatal,19-Jan,160
Antenatal,19-Feb,159
Antenatal,19-Mar,175
Antenatal,19-Apr,152
Antenatal,19-May,198
Antenatal,19-Jun,171
Antenatal,19-Jul,200
Antenatal,19-Aug,214
Antenatal,19-Sep,145
Antenatal,19-Oct,177
Antenatal,19-Nov,169
Antenatal,19-Dec,139
Antenatal,20-Jan,157
Antenatal,20-Feb,128
Antenatal,20-Mar,126
Antenatal,20-Apr,99
Antenatal,20-May,107
Audiology,18-Jan,40
Audiology,18-Feb,25
Audiology,18-Mar,25
Audiology,18-Apr,42
Audiology,18-May,46
Audiology,18-Jun,39
Audiology,18-Jul,45
Audiology,18-Aug,35
Audiology,18-Sep,39
Audiology,18-Oct,29
Audiology,18-Nov,39
Audiology,18-Dec,32
Audiology,19-Jan,32
Audiology,19-Feb,37
Audiology,19-Mar,36
Audiology,19-Apr,43
Audiology,19-May,32
Audiology,19-Jun,32
Audiology,19-Jul,27
Audiology,19-Aug,29
Audiology,19-Sep,25
Audiology,19-Oct,26
Audiology,19-Nov,25
Audiology,19-Dec,24
Audiology,20-Jan,23
Audiology,20-Feb,32
Audiology,20-Mar,15
Audiology,20-Apr,0
Audiology,20-May,0
BP Monitoring,18-Jan,5
BP Monitoring,18-Feb,7
BP Monitoring,18-Mar,15
BP Monitoring,18-Apr,16
BP Monitoring,18-May,17
BP Monitoring,18-Jun,15
BP Monitoring,18-Jul,8
BP Monitoring,18-Aug,1
BP Monitoring,18-Sep,0
BP Monitoring,18-Oct,6
BP Monitoring,18-Nov,3
BP Monitoring,18-Dec,0
BP Monitoring,19-Jan,2
BP Monitoring,19-Feb,0
BP Monitoring,19-Mar,0
BP Monitoring,19-Apr,12
BP Monitoring,19-May,18
BP Monitoring,19-Jun,7
BP Monitoring,19-Jul,4
BP Monitoring,19-Aug,4
BP Monitoring,19-Sep,4
BP Monitoring,19-Oct,6
BP Monitoring,19-Nov,6
BP Monitoring,19-Dec,6
BP Monitoring,20-Jan,12
BP Monitoring,20-Feb,10
BP Monitoring,20-Mar,9
BP Monitoring,20-Apr,0
BP Monitoring,20-May,1
Bleeding Room,18-Jan,
Bleeding Room,18-Feb,
Bleeding Room,18-Mar,
Bleeding Room,18-Apr,
Bleeding Room,18-May,
Bleeding Room,18-Jun,
Bleeding Room,18-Jul,
Bleeding Room,18-Aug,
Bleeding Room,18-Sep,
Bleeding Room,18-Oct,
Bleeding Room,18-Nov,
Bleeding Room,18-Dec,
Bleeding Room,19-Jan,1078
Bleeding Room,19-Feb,1000
Bleeding Room,19-Mar,1026
Bleeding Room,19-Apr,947
Bleeding Room,19-May,1057
Bleeding Room,19-Jun,899
Bleeding Room,19-Jul,1022
Bleeding Room,19-Aug,916
Bleeding Room,19-Sep,965
Bleeding Room,19-Oct,1090
Bleeding Room,19-Nov,1084
Bleeding Room,19-Dec,892
Bleeding Room,20-Jan,1014
Bleeding Room,20-Feb,989
Bleeding Room,20-Mar,734
Bleeding Room,20-Apr,521
Bleeding Room,20-May,607
Breast clinic,18-Jan,0
Breast clinic,18-Feb,24
Breast clinic,18-Mar,19
Breast clinic,18-Apr,16
Breast clinic,18-May,20
Breast clinic,18-Jun,24
Breast clinic,18-Jul,20
Breast clinic,18-Aug,25
Breast clinic,18-Sep,23
Breast clinic,18-Oct,32
Breast clinic,18-Nov,29
Breast clinic,18-Dec,24
Breast clinic,19-Jan,26
Breast clinic,19-Feb,33
Breast clinic,19-Mar,36
Breast clinic,19-Apr,36
Breast clinic,19-May,35
Breast clinic,19-Jun,33
Breast clinic,19-Jul,29
Breast clinic,19-Aug,41
Breast clinic,19-Sep,29
Breast clinic,19-Oct,37
Breast clinic,19-Nov,35
Breast clinic,19-Dec,35
Breast clinic,20-Jan,43
Breast clinic,20-Feb,23
Breast clinic,20-Mar,23
Breast clinic,20-Apr,10
Breast clinic,20-May,15
Cardiology,18-Jan,91
Cardiology,18-Feb,65
Cardiology,18-Mar,63
Cardiology,18-Apr,81
Cardiology,18-May,77
Cardiology,18-Jun,98
Cardiology,18-Jul,136
Cardiology,18-Aug,88
Cardiology,18-Sep,123
Cardiology,18-Oct,96
Cardiology,18-Nov,120
Cardiology,18-Dec,91
Cardiology,19-Jan,31
Cardiology,19-Feb,37
Cardiology,19-Mar,37
Cardiology,19-Apr,34
Cardiology,19-May,16
Cardiology,19-Jun,25
Cardiology,19-Jul,53
Cardiology,19-Aug,34
Cardiology,19-Sep,14
Cardiology,19-Oct,31
Cardiology,19-Nov,31
Cardiology,19-Dec,29
Cardiology,20-Jan,33
Cardiology,20-Feb,32
Cardiology,20-Mar,19
Cardiology,20-Apr,0
Cardiology,20-May,7
Cervical Screening,18-Jan,22
Cervical Screening,18-Feb,19
Cervical Screening,18-Mar,13
Cervical Screening,18-Apr,16
Cervical Screening,18-May,21
Cervical Screening,18-Jun,22
Cervical Screening,18-Jul,34
Cervical Screening,18-Aug,23
Cervical Screening,18-Sep,19
Cervical Screening,18-Oct,22
Cervical Screening,18-Nov,25
Cervical Screening,18-Dec,16
Cervical Screening,19-Jan,21
Cervical Screening,19-Feb,11
Cervical Screening,19-Mar,27
Cervical Screening,19-Apr,24
Cervical Screening,19-May,25
Cervical Screening,19-Jun,32
Cervical Screening,19-Jul,9
Cervical Screening,19-Aug,19
Cervical Screening,19-Sep,19
Cervical Screening,19-Oct,24
Cervical Screening,19-Nov,19
Cervical Screening,19-Dec,18
Cervical Screening,20-Jan,8
Cervical Screening,20-Feb,20
Cervical Screening,20-Mar,5
Cervical Screening,20-Apr,0
Cervical Screening,20-May,0
Colon Rectal Screening,18-Jan,26
Colon Rectal Screening,18-Feb,42
Colon Rectal Screening,18-Mar,31
Colon Rectal Screening,18-Apr,37
Colon Rectal Screening,18-May,58
Colon Rectal Screening,18-Jun,40
Colon Rectal Screening,18-Jul,41
Colon Rectal Screening,18-Aug,47
Colon Rectal Screening,18-Sep,55
Colon Rectal Screening,18-Oct,60
Colon Rectal Screening,18-Nov,57
Colon Rectal Screening,18-Dec,23
Colon Rectal Screening,19-Jan,40
Colon Rectal Screening,19-Feb,34
Colon Rectal Screening,19-Mar,31
Colon Rectal Screening,19-Apr,30
Colon Rectal Screening,19-May,35
Colon Rectal Screening,19-Jun,24
Colon Rectal Screening,19-Jul,28
Colon Rectal Screening,19-Aug,38
Colon Rectal Screening,19-Sep,39
Colon Rectal Screening,19-Oct,58
Colon Rectal Screening,19-Nov,69
Colon Rectal Screening,19-Dec,36
Colon Rectal Screening,20-Jan,56
Colon Rectal Screening,20-Feb,23
Colon Rectal Screening,20-Mar,31
Colon Rectal Screening,20-Apr,0
Colon Rectal Screening,20-May,3
Dental,18-Jan,508
Dental,18-Feb,446
Dental,18-Mar,677
Dental,18-Apr,481
Dental,18-May,529
Dental,18-Jun,520
Dental,18-Jul,531
Dental,18-Aug,286
Dental,18-Sep,154
Dental,18-Oct,215
Dental,18-Nov,354
Dental,18-Dec,81
Dental,19-Jan,90
Dental,19-Feb,105
Dental,19-Mar,128
Dental,19-Apr,514
Dental,19-May,501
Dental,19-Jun,442
Dental,19-Jul,514
Dental,19-Aug,492
Dental,19-Sep,424
Dental,19-Oct,507
Dental,19-Nov,463
Dental,19-Dec,355
Dental,20-Jan,479
Dental,20-Feb,349
Dental,20-Mar,177
Dental,20-Apr,28
Dental,20-May,60
Dermatology,18-Jan,84
Dermatology,18-Feb,116
Dermatology,18-Mar,127
Dermatology,18-Apr,119
Dermatology,18-May,104
Dermatology,18-Jun,147
Dermatology,18-Jul,140
Dermatology,18-Aug,108
Dermatology,18-Sep,107
Dermatology,18-Oct,103
Dermatology,18-Nov,141
Dermatology,18-Dec,98
Dermatology,19-Jan,91
Dermatology,19-Feb,119
Dermatology,19-Mar,118
Dermatology,19-Apr,110
Dermatology,19-May,115
Dermatology,19-Jun,94
Dermatology,19-Jul,126
Dermatology,19-Aug,111
Dermatology,19-Sep,95
Dermatology,19-Oct,124
Dermatology,19-Nov,118
Dermatology,19-Dec,80
Dermatology,20-Jan,128
Dermatology,20-Feb,142
Dermatology,20-Mar,79
Dermatology,20-Apr,5
Dermatology,20-May,24
Detox,18-Jan,611
Detox,18-Feb,466
Detox,18-Mar,506
Detox,18-Apr,450
Detox,18-May,503
Detox,18-Jun,443
Detox,18-Jul,719
Detox,18-Aug,421
Detox,18-Sep,334
Detox,18-Oct,347
Detox,18-Nov,420
Detox,18-Dec,396
Detox,19-Jan,387
Detox,19-Feb,350
Detox,19-Mar,367
Detox,19-Apr,368
Detox,19-May,431
Detox,19-Jun,446
Detox,19-Jul,432
Detox,19-Aug,436
Detox,19-Sep,400
Detox,19-Oct,39
Detox,19-Nov,562
Detox,19-Dec,605
Detox,20-Jan,529
Detox,20-Feb,493
Detox,20-Mar,520
Detox,20-Apr,360
Detox,20-May,349
Diabetes Education Services.,18-Jan,0
Diabetes Education Services.,18-Feb,0
Diabetes Education Services.,18-Mar,0
Diabetes Education Services.,18-Apr,0
Diabetes Education Services.,18-May,0
Diabetes Education Services.,18-Jun,0
Diabetes Education Services.,18-Jul,0
Diabetes Education Services.,18-Aug,0
Diabetes Education Services.,18-Sep,0
Diabetes Education Services.,18-Oct,0
Diabetes Education Services.,18-Nov,0
Diabetes Education Services.,18-Dec,0
Diabetes Education Services.,19-Jan,0
Diabetes Education Services.,19-Feb,0
Diabetes Education Services.,19-Mar,0
Diabetes Education Services.,19-Apr,0
Diabetes Education Services.,19-May,16
Diabetes Education Services.,19-Jun,10
Diabetes Education Services.,19-Jul,0
Diabetes Education Services.,19-Aug,0
Diabetes Education Services.,19-Sep,0
Diabetes Education Services.,19-Oct,0
Diabetes Education Services.,19-Nov,0
Diabetes Education Services.,19-Dec,0
Diabetes Education Services.,20-Jan,0
Diabetes Education Services.,20-Feb,0
Diabetes Education Services.,20-Mar,0
Diabetes Education Services.,20-Apr,0
Diabetes Education Services.,20-May,1
Diabetology,18-Jan,134
Diabetology,18-Feb,103
Diabetology,18-Mar,141
Diabetology,18-Apr,125
Diabetology,18-May,121
Diabetology,18-Jun,121
Diabetology,18-Jul,126
Diabetology,18-Aug,116
Diabetology,18-Sep,107
Diabetology,18-Oct,108
Diabetology,18-Nov,115
Diabetology,18-Dec,70
Diabetology,19-Jan,116
Diabetology,19-Feb,122
Diabetology,19-Mar,80
Diabetology,19-Apr,77
Diabetology,19-May,115
Diabetology,19-Jun,83
Diabetology,19-Jul,99
Diabetology,19-Aug,85
Diabetology,19-Sep,72
Diabetology,19-Oct,110
Diabetology,19-Nov,90
Diabetology,19-Dec,103
Diabetology,20-Jan,104
Diabetology,20-Feb,96
Diabetology,20-Mar,54
Diabetology,20-Apr,1
Diabetology,20-May,7
Dietician,18-Jan,21
Dietician,18-Feb,25
Dietician,18-Mar,29
Dietician,18-Apr,33
Dietician,18-May,45
Dietician,18-Jun,28
Dietician,18-Jul,32
Dietician,18-Aug,26
Dietician,18-Sep,23
Dietician,18-Oct,34
Dietician,18-Nov,14
Dietician,18-Dec,27
Dietician,19-Jan,27
Dietician,19-Feb,32
Dietician,19-Mar,21
Dietician,19-Apr,28
Dietician,19-May,37
Dietician,19-Jun,25
Dietician,19-Jul,39
Dietician,19-Aug,23
Dietician,19-Sep,7
Dietician,19-Oct,57
Dietician,19-Nov,24
Dietician,19-Dec,29
Dietician,20-Jan,32
Dietician,20-Feb,34
Dietician,20-Mar,18
Dietician,20-Apr,0
Dietician,20-May,4
ECG Stress tests,18-Jan,52
ECG Stress tests,18-Feb,49
ECG Stress tests,18-Mar,55
ECG Stress tests,18-Apr,64
ECG Stress tests,18-May,51
ECG Stress tests,18-Jun,22
ECG Stress tests,18-Jul,30
ECG Stress tests,18-Aug,12
ECG Stress tests,18-Sep,22
ECG Stress tests,18-Oct,21
ECG Stress tests,18-Nov,15
ECG Stress tests,18-Dec,19
ECG Stress tests,19-Jan,12
ECG Stress tests,19-Feb,16
ECG Stress tests,19-Mar,18
ECG Stress tests,19-Apr,38
ECG Stress tests,19-May,21
ECG Stress tests,19-Jun,18
ECG Stress tests,19-Jul,11
ECG Stress tests,19-Aug,19
ECG Stress tests,19-Sep,24
ECG Stress tests,19-Oct,23
ECG Stress tests,19-Nov,6
ECG Stress tests,19-Dec,3
ECG Stress tests,20-Jan,10
ECG Stress tests,20-Feb,13
ECG Stress tests,20-Mar,6
ECG Stress tests,20-Apr,0
ECG Stress tests,20-May,0
ENT,18-Jan,73
ENT,18-Feb,83
ENT,18-Mar,83
ENT,18-Apr,103
ENT,18-May,79
ENT,18-Jun,84
ENT,18-Jul,79
ENT,18-Aug,53
ENT,18-Sep,65
ENT,18-Oct,90
ENT,18-Nov,66
ENT,18-Dec,42
ENT,19-Jan,75
ENT,19-Feb,62
ENT,19-Mar,107
ENT,19-Apr,46
ENT,19-May,84
ENT,19-Jun,46
ENT,19-Jul,65
ENT,19-Aug,61
ENT,19-Sep,43
ENT,19-Oct,89
ENT,19-Nov,72
ENT,19-Dec,69
ENT,20-Jan,80
ENT,20-Feb,37
ENT,20-Mar,34
ENT,20-Apr,0
ENT,20-May,0
Echocardiograms,18-Jan,32
Echocardiograms,18-Feb,39
Echocardiograms,18-Mar,42
Echocardiograms,18-Apr,52
Echocardiograms,18-May,64
Echocardiograms,18-Jun,26
Echocardiograms,18-Jul,16
Echocardiograms,18-Aug,27
Echocardiograms,18-Sep,30
Echocardiograms,18-Oct,20
Echocardiograms,18-Nov,25
Echocardiograms,18-Dec,186
Echocardiograms,19-Jan,200
Echocardiograms,19-Feb,21
Echocardiograms,19-Mar,33
Echocardiograms,19-Apr,33
Echocardiograms,19-May,38
Echocardiograms,19-Jun,13
Echocardiograms,19-Jul,27
Echocardiograms,19-Aug,1
Echocardiograms,19-Sep,18
Echocardiograms,19-Oct,42
Echocardiograms,19-Nov,35
Echocardiograms,19-Dec,8
Echocardiograms,20-Jan,42
Echocardiograms,20-Feb,61
Echocardiograms,20-Mar,46
Echocardiograms,20-Apr,10
Echocardiograms,20-May,37
Endocrine,18-Jan,
Endocrine,18-Feb,
Endocrine,18-Mar,
Endocrine,18-Apr,
Endocrine,18-May,
Endocrine,18-Jun,
Endocrine,18-Jul,
Endocrine,18-Aug,
Endocrine,18-Sep,
Endocrine,18-Oct,
Endocrine,18-Nov,13
Endocrine,18-Dec,4
Endocrine,19-Jan,10
Endocrine,19-Feb,10
Endocrine,19-Mar,11
Endocrine,19-Apr,20
Endocrine,19-May,12
Endocrine,19-Jun,15
Endocrine,19-Jul,12
Endocrine,19-Aug,15
Endocrine,19-Sep,14
Endocrine,19-Oct,11
Endocrine,19-Nov,13
Endocrine,19-Dec,13
Endocrine,20-Jan,16
Endocrine,20-Feb,5
Endocrine,20-Mar,7
Endocrine,20-Apr,0
Endocrine,20-May,3
Fertility Care,18-Jan,0
Fertility Care,18-Feb,0
Fertility Care,18-Mar,0
Fertility Care,18-Apr,1
Fertility Care,18-May,4
Fertility Care,18-Jun,4
Fertility Care,18-Jul,3
Fertility Care,18-Aug,0
Fertility Care,18-Sep,3
Fertility Care,18-Oct,0
Fertility Care,18-Nov,6
Fertility Care,18-Dec,0
Fertility Care,19-Jan,1
Fertility Care,19-Feb,4
Fertility Care,19-Mar,5
Fertility Care,19-Apr,7
Fertility Care,19-May,5
Fertility Care,19-Jun,3
Fertility Care,19-Jul,1
Fertility Care,19-Aug,2
Fertility Care,19-Sep,1
Fertility Care,19-Oct,0
Fertility Care,19-Nov,0
Fertility Care,19-Dec,0
Fertility Care,20-Jan,0
Fertility Care,20-Feb,0
Fertility Care,20-Mar,0
Fertility Care,20-Apr,0
Fertility Care,20-May,0
Glaucoma,18-Jan,6
Glaucoma,18-Feb,8
Glaucoma,18-Mar,8
Glaucoma,18-Apr,4
Glaucoma,18-May,7
Glaucoma,18-Jun,7
Glaucoma,18-Jul,7
Glaucoma,18-Aug,6
Glaucoma,18-Sep,8
Glaucoma,18-Oct,5
Glaucoma,18-Nov,6
Glaucoma,18-Dec,0
Glaucoma,19-Jan,0
Glaucoma,19-Feb,0
Glaucoma,19-Mar,4
Glaucoma,19-Apr,20
Glaucoma,19-May,7
Glaucoma,19-Jun,7
Glaucoma,19-Jul,9
Glaucoma,19-Aug,2
Glaucoma,19-Sep,9
Glaucoma,19-Oct,8
Glaucoma,19-Nov,4
Glaucoma,19-Dec,7
Glaucoma,20-Jan,7
Glaucoma,20-Feb,3
Glaucoma,20-Mar,0
Glaucoma,20-Apr,0
Glaucoma,20-May,0
Gynaecology,18-Jan,191
Gynaecology,18-Feb,139
Gynaecology,18-Mar,182
Gynaecology,18-Apr,137
Gynaecology,18-May,182
Gynaecology,18-Jun,155
Gynaecology,18-Jul,113
Gynaecology,18-Aug,125
Gynaecology,18-Sep,114
Gynaecology,18-Oct,138
Gynaecology,18-Nov,147
Gynaecology,18-Dec,0
Gynaecology,19-Jan,162
Gynaecology,19-Feb,161
Gynaecology,19-Mar,200
Gynaecology,19-Apr,141
Gynaecology,19-May,174
Gynaecology,19-Jun,116
Gynaecology,19-Jul,144
Gynaecology,19-Aug,143
Gynaecology,19-Sep,150
Gynaecology,19-Oct,147
Gynaecology,19-Nov,169
Gynaecology,19-Dec,109
Gynaecology,20-Jan,144
Gynaecology,20-Feb,143
Gynaecology,20-Mar,100
Gynaecology,20-Apr,36
Gynaecology,20-May,43
Heart Valve Clinic,18-Jan,0
Heart Valve Clinic,18-Feb,0
Heart Valve Clinic,18-Mar,0
Heart Valve Clinic,18-Apr,0
Heart Valve Clinic,18-May,0
Heart Valve Clinic,18-Jun,0
Heart Valve Clinic,18-Jul,0
Heart Valve Clinic,18-Aug,0
Heart Valve Clinic,18-Sep,0
Heart Valve Clinic,18-Oct,0
Heart Valve Clinic,18-Nov,0
Heart Valve Clinic,18-Dec,0
Heart Valve Clinic,19-Jan,0
Heart Valve Clinic,19-Feb,0
Heart Valve Clinic,19-Mar,0
Heart Valve Clinic,19-Apr,0
Heart Valve Clinic,19-May,0
Heart Valve Clinic,19-Jun,0
Heart Valve Clinic,19-Jul,0
Heart Valve Clinic,19-Aug,0
Heart Valve Clinic,19-Sep,0
Heart Valve Clinic,19-Oct,0
Heart Valve Clinic,19-Nov,0
Heart Valve Clinic,19-Dec,0
Heart Valve Clinic,20-Jan,0
Heart Valve Clinic,20-Feb,4
Heart Valve Clinic,20-Mar,0
Heart Valve Clinic,20-Apr,0
Heart Valve Clinic,20-May,5
Holters,18-Jan,0
Holters,18-Feb,0
Holters,18-Mar,0
Holters,18-Apr,0
Holters,18-May,0
Holters,18-Jun,0
Holters,18-Jul,0
Holters,18-Aug,0
Holters,18-Sep,6
Holters,18-Oct,15
Holters,18-Nov,17
Holters,18-Dec,24
Holters,19-Jan,25
Holters,19-Feb,69
Holters,19-Mar,45
Holters,19-Apr,25
Holters,19-May,22
Holters,19-Jun,18
Holters,19-Jul,19
Holters,19-Aug,14
Holters,19-Sep,18
Holters,19-Oct,27
Holters,19-Nov,19
Holters,19-Dec,12
Holters,20-Jan,14
Holters,20-Feb,24
Holters,20-Mar,20
Holters,20-Apr,2
Holters,20-May,2
Hyperbaric Unit-Emergency divers,18-Jan,0
Hyperbaric Unit-Emergency divers,18-Feb,0
Hyperbaric Unit-Emergency divers,18-Mar,4
Hyperbaric Unit-Emergency divers,18-Apr,0
Hyperbaric Unit-Emergency divers,18-May,2
Hyperbaric Unit-Emergency divers,18-Jun,6
Hyperbaric Unit-Emergency divers,18-Jul,1
Hyperbaric Unit-Emergency divers,18-Aug,9
Hyperbaric Unit-Emergency divers,18-Sep,19
Hyperbaric Unit-Emergency divers,18-Oct,1
Hyperbaric Unit-Emergency divers,18-Nov,0
Hyperbaric Unit-Emergency divers,18-Dec,0
Hyperbaric Unit-Emergency divers,19-Jan,0
Hyperbaric Unit-Emergency divers,19-Feb,0
Hyperbaric Unit-Emergency divers,19-Mar,1
Hyperbaric Unit-Emergency divers,19-Apr,0
Hyperbaric Unit-Emergency divers,19-May,2
Hyperbaric Unit-Emergency divers,19-Jun,3
Hyperbaric Unit-Emergency divers,19-Jul,0
Hyperbaric Unit-Emergency divers,19-Aug,5
Hyperbaric Unit-Emergency divers,19-Sep,4
Hyperbaric Unit-Emergency divers,19-Oct,11
Hyperbaric Unit-Emergency divers,19-Nov,9
Hyperbaric Unit-Emergency divers,19-Dec,9
Hyperbaric Unit-Emergency divers,20-Jan,0
Hyperbaric Unit-Emergency divers,20-Feb,0
Hyperbaric Unit-Emergency divers,20-Mar,1
Hyperbaric Unit-Emergency divers,20-Apr,2
Hyperbaric Unit-Emergency divers,20-May,0
Hyperbaric Unit-Oxygen treatment,18-Jan,18
Hyperbaric Unit-Oxygen treatment,18-Feb,27
Hyperbaric Unit-Oxygen treatment,18-Mar,20
Hyperbaric Unit-Oxygen treatment,18-Apr,35
Hyperbaric Unit-Oxygen treatment,18-May,33
Hyperbaric Unit-Oxygen treatment,18-Jun,6
Hyperbaric Unit-Oxygen treatment,18-Jul,34
Hyperbaric Unit-Oxygen treatment,18-Aug,22
Hyperbaric Unit-Oxygen treatment,18-Sep,16
Hyperbaric Unit-Oxygen treatment,18-Oct,21
Hyperbaric Unit-Oxygen treatment,18-Nov,10
Hyperbaric Unit-Oxygen treatment,18-Dec,26
Hyperbaric Unit-Oxygen treatment,19-Jan,17
Hyperbaric Unit-Oxygen treatment,19-Feb,17
Hyperbaric Unit-Oxygen treatment,19-Mar,18
Hyperbaric Unit-Oxygen treatment,19-Apr,20
Hyperbaric Unit-Oxygen treatment,19-May,20
Hyperbaric Unit-Oxygen treatment,19-Jun,19
Hyperbaric Unit-Oxygen treatment,19-Jul,22
Hyperbaric Unit-Oxygen treatment,19-Aug,21
Hyperbaric Unit-Oxygen treatment,19-Sep,19
Hyperbaric Unit-Oxygen treatment,19-Oct,9
Hyperbaric Unit-Oxygen treatment,19-Nov,2
Hyperbaric Unit-Oxygen treatment,19-Dec,17
Hyperbaric Unit-Oxygen treatment,20-Jan,13
Hyperbaric Unit-Oxygen treatment,20-Feb,12
Hyperbaric Unit-Oxygen treatment,20-Mar,15
Hyperbaric Unit-Oxygen treatment,20-Apr,7
Hyperbaric Unit-Oxygen treatment,20-May,10
Juvenile,18-Jan,
Juvenile,18-Feb,
Juvenile,18-Mar,
Juvenile,18-Apr,
Juvenile,18-May,
Juvenile,18-Jun,
Juvenile,18-Jul,
Juvenile,18-Aug,
Juvenile,18-Sep,
Juvenile,18-Oct,5
Juvenile,18-Nov,10
Juvenile,18-Dec,13
Juvenile,19-Jan,15
Juvenile,19-Feb,13
Juvenile,19-Mar,11
Juvenile,19-Apr,6
Juvenile,19-May,11
Juvenile,19-Jun,15
Juvenile,19-Jul,9
Juvenile,19-Aug,6
Juvenile,19-Sep,14
Juvenile,19-Oct,11
Juvenile,19-Nov,14
Juvenile,19-Dec,11
Juvenile,20-Jan,10
Juvenile,20-Feb,12
Juvenile,20-Mar,6
Juvenile,20-Apr,0
Juvenile,20-May,0
Lung Function tests,18-Jan,18
Lung Function tests,18-Feb,13
Lung Function tests,18-Mar,18
Lung Function tests,18-Apr,16
Lung Function tests,18-May,14
Lung Function tests,18-Jun,11
Lung Function tests,18-Jul,3
Lung Function tests,18-Aug,1
Lung Function tests,18-Sep,3
Lung Function tests,18-Oct,8
Lung Function tests,18-Nov,10
Lung Function tests,18-Dec,1
Lung Function tests,19-Jan,3
Lung Function tests,19-Feb,6
Lung Function tests,19-Mar,2
Lung Function tests,19-Apr,7
Lung Function tests,19-May,22
Lung Function tests,19-Jun,1
Lung Function tests,19-Jul,2
Lung Function tests,19-Aug,5
Lung Function tests,19-Sep,5
Lung Function tests,19-Oct,9
Lung Function tests,19-Nov,9
Lung Function tests,19-Dec,8
Lung Function tests,20-Jan,4
Lung Function tests,20-Feb,16
Lung Function tests,20-Mar,4
Lung Function tests,20-Apr,2
Lung Function tests,20-May,1
Medical,18-Jan,375
Medical,18-Feb,322
Medical,18-Mar,276
Medical,18-Apr,325
Medical,18-May,303
Medical,18-Jun,282
Medical,18-Jul,286
Medical,18-Aug,285
Medical,18-Sep,220
Medical,18-Oct,323
Medical,18-Nov,268
Medical,18-Dec,216
Medical,19-Jan,296
Medical,19-Feb,271
Medical,19-Mar,287
Medical,19-Apr,232
Medical,19-May,262
Medical,19-Jun,234
Medical,19-Jul,253
Medical,19-Aug,230
Medical,19-Sep,234
Medical,19-Oct,168
Medical,19-Nov,202
Medical,19-Dec,183
Medical,20-Jan,210
Medical,20-Feb,145
Medical,20-Mar,97
Medical,20-Apr,14
Medical,20-May,19
Multiple Sclerosis,18-Jan,0
Multiple Sclerosis,18-Feb,0
Multiple Sclerosis,18-Mar,0
Multiple Sclerosis,18-Apr,0
Multiple Sclerosis,18-May,0
Multiple Sclerosis,18-Jun,0
Multiple Sclerosis,18-Jul,0
Multiple Sclerosis,18-Aug,0
Multiple Sclerosis,18-Sep,0
Multiple Sclerosis,18-Oct,0
Multiple Sclerosis,18-Nov,0
Multiple Sclerosis,18-Dec,0
Multiple Sclerosis,19-Jan,0
Multiple Sclerosis,19-Feb,0
Multiple Sclerosis,19-Mar,0
Multiple Sclerosis,19-Apr,0
Multiple Sclerosis,19-May,0
Multiple Sclerosis,19-Jun,0
Multiple Sclerosis,19-Jul,0
Multiple Sclerosis,19-Aug,0
Multiple Sclerosis,19-Sep,0
Multiple Sclerosis,19-Oct,0
Multiple Sclerosis,19-Nov,0
Multiple Sclerosis,19-Dec,0
Multiple Sclerosis,20-Jan,0
Multiple Sclerosis,20-Feb,
Multiple Sclerosis,20-Mar,0
Multiple Sclerosis,20-Apr,0
Multiple Sclerosis,20-May,0
Naphrology,18-Jan,0
Naphrology,18-Feb,0
Naphrology,18-Mar,0
Naphrology,18-Apr,0
Naphrology,18-May,0
Naphrology,18-Jun,0
Naphrology,18-Jul,0
Naphrology,18-Aug,0
Naphrology,18-Sep,0
Naphrology,18-Oct,0
Naphrology,18-Nov,0
Naphrology,18-Dec,0
Naphrology,19-Jan,0
Naphrology,19-Feb,3
Naphrology,19-Mar,7
Naphrology,19-Apr,5
Naphrology,19-May,8
Naphrology,19-Jun,6
Naphrology,19-Jul,10
Naphrology,19-Aug,9
Naphrology,19-Sep,8
Naphrology,19-Oct,12
Naphrology,19-Nov,9
Naphrology,19-Dec,12
Naphrology,20-Jan,13
Naphrology,20-Feb,10
Naphrology,20-Mar,0
Naphrology,20-Apr,0
Naphrology,20-May,0
Naprotechnology,18-Jan,2
Naprotechnology,18-Feb,0
Naprotechnology,18-Mar,4
Naprotechnology,18-Apr,3
Naprotechnology,18-May,4
Naprotechnology,18-Jun,4
Naprotechnology,18-Jul,3
Naprotechnology,18-Aug,5
Naprotechnology,18-Sep,3
Naprotechnology,18-Oct,10
Naprotechnology,18-Nov,8
Naprotechnology,18-Dec,4
Naprotechnology,19-Jan,2
Naprotechnology,19-Feb,7
Naprotechnology,19-Mar,10
Naprotechnology,19-Apr,15
Naprotechnology,19-May,6
Naprotechnology,19-Jun,8
Naprotechnology,19-Jul,5
Naprotechnology,19-Aug,12
Naprotechnology,19-Sep,2
Naprotechnology,19-Oct,6
Naprotechnology,19-Nov,7
Naprotechnology,19-Dec,3
Naprotechnology,20-Jan,10
Naprotechnology,20-Feb,3
Naprotechnology,20-Mar,1
Naprotechnology,20-Apr,0
Naprotechnology,20-May,0
Neurology,18-Jan,10
Neurology,18-Feb,15
Neurology,18-Mar,15
Neurology,18-Apr,12
Neurology,18-May,10
Neurology,18-Jun,12
Neurology,18-Jul,12
Neurology,18-Aug,21
Neurology,18-Sep,4
Neurology,18-Oct,17
Neurology,18-Nov,12
Neurology,18-Dec,43
Neurology,19-Jan,42
Neurology,19-Feb,43
Neurology,19-Mar,26
Neurology,19-Apr,50
Neurology,19-May,54
Neurology,19-Jun,55
Neurology,19-Jul,74
Neurology,19-Aug,60
Neurology,19-Sep,61
Neurology,19-Oct,63
Neurology,19-Nov,57
Neurology,19-Dec,24
Neurology,20-Jan,76
Neurology,20-Feb,49
Neurology,20-Mar,31
Neurology,20-Apr,0
Neurology,20-May,0
Nutrition & Health Promotion,18-Jan,0
Nutrition & Health Promotion,18-Feb,0
Nutrition & Health Promotion,18-Mar,0
Nutrition & Health Promotion,18-Apr,0
Nutrition & Health Promotion,18-May,0
Nutrition & Health Promotion,18-Jun,0
Nutrition & Health Promotion,18-Jul,0
Nutrition & Health Promotion,18-Aug,0
Nutrition & Health Promotion,18-Sep,0
Nutrition & Health Promotion,18-Oct,0
Nutrition & Health Promotion,18-Nov,0
Nutrition & Health Promotion,18-Dec,0
Nutrition & Health Promotion,19-Jan,29
Nutrition & Health Promotion,19-Feb,40
Nutrition & Health Promotion,19-Mar,31
Nutrition & Health Promotion,19-Apr,30
Nutrition & Health Promotion,19-May,28
Nutrition & Health Promotion,19-Jun,27
Nutrition & Health Promotion,19-Jul,24
Nutrition & Health Promotion,19-Aug,22
Nutrition & Health Promotion,19-Sep,26
Nutrition & Health Promotion,19-Oct,30
Nutrition & Health Promotion,19-Nov,29
Nutrition & Health Promotion,19-Dec,11
Nutrition & Health Promotion,20-Jan,24
Nutrition & Health Promotion,20-Feb,16
Nutrition & Health Promotion,20-Mar,7
Nutrition & Health Promotion,20-Apr,0
Nutrition & Health Promotion,20-May,0
Occupational Therapy (Physical),18-Jan,346
Occupational Therapy (Physical),18-Feb,339
Occupational Therapy (Physical),18-Mar,284
Occupational Therapy (Physical),18-Apr,273
Occupational Therapy (Physical),18-May,
Occupational Therapy (Physical),18-Jun,133
Occupational Therapy (Physical),18-Jul,253
Occupational Therapy (Physical),18-Aug,290
Occupational Therapy (Physical),18-Sep,219
Occupational Therapy (Physical),18-Oct,301
Occupational Therapy (Physical),18-Nov,260
Occupational Therapy (Physical),18-Dec,177
Occupational Therapy (Physical),19-Jan,244
Occupational Therapy (Physical),19-Feb,274
Occupational Therapy (Physical),19-Mar,264
Occupational Therapy (Physical),19-Apr,286
Occupational Therapy (Physical),19-May,406
Occupational Therapy (Physical),19-Jun,224
Occupational Therapy (Physical),19-Jul,177
Occupational Therapy (Physical),19-Aug,238
Occupational Therapy (Physical),19-Sep,237
Occupational Therapy (Physical),19-Oct,255
Occupational Therapy (Physical),19-Nov,265
Occupational Therapy (Physical),19-Dec,89
Occupational Therapy (Physical),20-Jan,243
Occupational Therapy (Physical),20-Feb,228
Occupational Therapy (Physical),20-Mar,95
Occupational Therapy (Physical),20-Apr,3
Occupational Therapy (Physical),20-May,2
Occupational Therapy (Psychiatric),18-Jan,131
Occupational Therapy (Psychiatric),18-Feb,146
Occupational Therapy (Psychiatric),18-Mar,148
Occupational Therapy (Psychiatric),18-Apr,138
Occupational Therapy (Psychiatric),18-May,163
Occupational Therapy (Psychiatric),18-Jun,138
Occupational Therapy (Psychiatric),18-Jul,120
Occupational Therapy (Psychiatric),18-Aug,113
Occupational Therapy (Psychiatric),18-Sep,98
Occupational Therapy (Psychiatric),18-Oct,152
Occupational Therapy (Psychiatric),18-Nov,86
Occupational Therapy (Psychiatric),18-Dec,108
Occupational Therapy (Psychiatric),19-Jan,63
Occupational Therapy (Psychiatric),19-Feb,68
Occupational Therapy (Psychiatric),19-Mar,72
Occupational Therapy (Psychiatric),19-Apr,84
Occupational Therapy (Psychiatric),19-May,97
Occupational Therapy (Psychiatric),19-Jun,78
Occupational Therapy (Psychiatric),19-Jul,99
Occupational Therapy (Psychiatric),19-Aug,74
Occupational Therapy (Psychiatric),19-Sep,63
Occupational Therapy (Psychiatric),19-Oct,69
Occupational Therapy (Psychiatric),19-Nov,82
Occupational Therapy (Psychiatric),19-Dec,86
Occupational Therapy (Psychiatric),20-Jan,96
Occupational Therapy (Psychiatric),20-Feb,126
Occupational Therapy (Psychiatric),20-Mar,59
Occupational Therapy (Psychiatric),20-Apr,51
Occupational Therapy (Psychiatric),20-May,53
Oncology,18-Jan,113
Oncology,18-Feb,109
Oncology,18-Mar,106
Oncology,18-Apr,90
Oncology,18-May,167
Oncology,18-Jun,115
Oncology,18-Jul,125
Oncology,18-Aug,62
Oncology,18-Sep,159
Oncology,18-Oct,132
Oncology,18-Nov,122
Oncology,18-Dec,120
Oncology,19-Jan,96
Oncology,19-Feb,122
Oncology,19-Mar,128
Oncology,19-Apr,122
Oncology,19-May,110
Oncology,19-Jun,123
Oncology,19-Jul,140
Oncology,19-Aug,134
Oncology,19-Sep,119
Oncology,19-Oct,149
Oncology,19-Nov,136
Oncology,19-Dec,111
Oncology,20-Jan,140
Oncology,20-Feb,125
Oncology,20-Mar,57
Oncology,20-Apr,0
Oncology,20-May,0
Ophthalmic,18-Jan,156
Ophthalmic,18-Feb,151
Ophthalmic,18-Mar,166
Ophthalmic,18-Apr,115
Ophthalmic,18-May,202
Ophthalmic,18-Jun,221
Ophthalmic,18-Jul,201
Ophthalmic,18-Aug,160
Ophthalmic,18-Sep,157
Ophthalmic,18-Oct,166
Ophthalmic,18-Nov,195
Ophthalmic,18-Dec,185
Ophthalmic,19-Jan,175
Ophthalmic,19-Feb,157
Ophthalmic,19-Mar,171
Ophthalmic,19-Apr,179
Ophthalmic,19-May,171
Ophthalmic,19-Jun,172
Ophthalmic,19-Jul,295
Ophthalmic,19-Aug,256
Ophthalmic,19-Sep,250
Ophthalmic,19-Oct,295
Ophthalmic,19-Nov,189
Ophthalmic,19-Dec,205
Ophthalmic,20-Jan,273
Ophthalmic,20-Feb,261
Ophthalmic,20-Mar,143
Ophthalmic,20-Apr,47
Ophthalmic,20-May,87
Orthopaedic,18-Jan,248
Orthopaedic,18-Feb,192
Orthopaedic,18-Mar,171
Orthopaedic,18-Apr,217
Orthopaedic,18-May,213
Orthopaedic,18-Jun,225
Orthopaedic,18-Jul,205
Orthopaedic,18-Aug,284
Orthopaedic,18-Sep,126
Orthopaedic,18-Oct,221
Orthopaedic,18-Nov,280
Orthopaedic,18-Dec,190
Orthopaedic,19-Jan,292
Orthopaedic,19-Feb,214
Orthopaedic,19-Mar,268
Orthopaedic,19-Apr,241
Orthopaedic,19-May,326
Orthopaedic,19-Jun,253
Orthopaedic,19-Jul,250
Orthopaedic,19-Aug,203
Orthopaedic,19-Sep,188
Orthopaedic,19-Oct,291
Orthopaedic,19-Nov,268
Orthopaedic,19-Dec,149
Orthopaedic,20-Jan,263
Orthopaedic,20-Feb,205
Orthopaedic,20-Mar,67
Orthopaedic,20-Apr,23
Orthopaedic,20-May,34
POC-ACC,18-Jan,299
POC-ACC,18-Feb,272
POC-ACC,18-Mar,297
POC-ACC,18-Apr,270
POC-ACC,18-May,319
POC-ACC,18-Jun,243
POC-ACC,18-Jul,326
POC-ACC,18-Aug,305
POC-ACC,18-Sep,279
POC-ACC,18-Oct,311
POC-ACC,18-Nov,306
POC-ACC,18-Dec,307
POC-ACC,19-Jan,247
POC-ACC,19-Feb,252
POC-ACC,19-Mar,225
POC-ACC,19-Apr,256
POC-ACC,19-May,275
POC-ACC,19-Jun,206
POC-ACC,19-Jul,211
POC-ACC,19-Aug,228
POC-ACC,19-Sep,218
POC-ACC,19-Oct,258
POC-ACC,19-Nov,179
POC-ACC,19-Dec,223
POC-ACC,20-Jan,241
POC-ACC,20-Feb,208
POC-ACC,20-Mar,169
POC-ACC,20-Apr,189
POC-ACC,20-May,158
Pacemaker,18-Jan,51
Pacemaker,18-Feb,37
Pacemaker,18-Mar,27
Pacemaker,18-Apr,47
Pacemaker,18-May,41
Pacemaker,18-Jun,30
Pacemaker,18-Jul,50
Pacemaker,18-Aug,43
Pacemaker,18-Sep,33
Pacemaker,18-Oct,36
Pacemaker,18-Nov,58
Pacemaker,18-Dec,0
Pacemaker,19-Jan,53
Pacemaker,19-Feb,56
Pacemaker,19-Mar,20
Pacemaker,19-Apr,43
Pacemaker,19-May,42
Pacemaker,19-Jun,44
Pacemaker,19-Jul,39
Pacemaker,19-Aug,45
Pacemaker,19-Sep,37
Pacemaker,19-Oct,48
Pacemaker,19-Nov,34
Pacemaker,19-Dec,45
Pacemaker,20-Jan,49
Pacemaker,20-Feb,49
Pacemaker,20-Mar,13
Pacemaker,20-Apr,18
Pacemaker,20-May,19
Pain,18-Jan,13
Pain,18-Feb,10
Pain,18-Mar,10
Pain,18-Apr,14
Pain,18-May,12
Pain,18-Jun,9
Pain,18-Jul,4
Pain,18-Aug,10
Pain,18-Sep,6
Pain,18-Oct,9
Pain,18-Nov,5
Pain,18-Dec,7
Pain,19-Jan,11
Pain,19-Feb,8
Pain,19-Mar,13
Pain,19-Apr,9
Pain,19-May,10
Pain,19-Jun,7
Pain,19-Jul,9
Pain,19-Aug,13
Pain,19-Sep,8
Pain,19-Oct,12
Pain,19-Nov,11
Pain,19-Dec,10
Pain,20-Jan,12
Pain,20-Feb,13
Pain,20-Mar,0
Pain,20-Apr,0
Pain,20-May,0
Palliative Care,18-Jan,9
Palliative Care,18-Feb,8
Palliative Care,18-Mar,7
Palliative Care,18-Apr,7
Palliative Care,18-May,8
Palliative Care,18-Jun,8
Palliative Care,18-Jul,7
Palliative Care,18-Aug,5
Palliative Care,18-Sep,7
Palliative Care,18-Oct,3
Palliative Care,18-Nov,6
Palliative Care,18-Dec,8
Palliative Care,19-Jan,7
Palliative Care,19-Feb,6
Palliative Care,19-Mar,8
Palliative Care,19-Apr,7
Palliative Care,19-May,5
Palliative Care,19-Jun,6
Palliative Care,19-Jul,4
Palliative Care,19-Aug,10
Palliative Care,19-Sep,12
Palliative Care,19-Oct,15
Palliative Care,19-Nov,9
Palliative Care,19-Dec,14
Palliative Care,20-Jan,6
Palliative Care,20-Feb,17
Palliative Care,20-Mar,7
Palliative Care,20-Apr,0
Palliative Care,20-May,0
Physiotherapy,18-Jan,
Physiotherapy,18-Feb,
Physiotherapy,18-Mar,
Physiotherapy,18-Apr,
Physiotherapy,18-May,
Physiotherapy,18-Jun,
Physiotherapy,18-Jul,
Physiotherapy,18-Aug,
Physiotherapy,18-Sep,
Physiotherapy,18-Oct,
Physiotherapy,18-Nov,
Physiotherapy,18-Dec,
Physiotherapy,19-Jan,1560
Physiotherapy,19-Feb,1680
Physiotherapy,19-Mar,1699
Physiotherapy,19-Apr,1759
Physiotherapy,19-May,1667
Physiotherapy,19-Jun,1539
Physiotherapy,19-Jul,1635
Physiotherapy,19-Aug,1432
Physiotherapy,19-Sep,1341
Physiotherapy,19-Oct,1685
Physiotherapy,19-Nov,1598
Physiotherapy,19-Dec,1295
Physiotherapy,20-Jan,1756
Physiotherapy,20-Feb,1536
Physiotherapy,20-Mar,900
Physiotherapy,20-Apr,300
Physiotherapy,20-May,270
Podiatry,18-Jan,740
Podiatry,18-Feb,695
Podiatry,18-Mar,751
Podiatry,18-Apr,816
Podiatry,18-May,916
Podiatry,18-Jun,762
Podiatry,18-Jul,846
Podiatry,18-Aug,904
Podiatry,18-Sep,699
Podiatry,18-Oct,929
Podiatry,18-Nov,893
Podiatry,18-Dec,608
Podiatry,19-Jan,847
Podiatry,19-Feb,819
Podiatry,19-Mar,870
Podiatry,19-Apr,746
Podiatry,19-May,881
Podiatry,19-Jun,845
Podiatry,19-Jul,844
Podiatry,19-Aug,785
Podiatry,19-Sep,768
Podiatry,19-Oct,947
Podiatry,19-Nov,864
Podiatry,19-Dec,680
Podiatry,20-Jan,932
Podiatry,20-Feb,779
Podiatry,20-Mar,421
Podiatry,20-Apr,42
Podiatry,20-May,120
Postnatal,18-Jan,11
Postnatal,18-Feb,9
Postnatal,18-Mar,24
Postnatal,18-Apr,7
Postnatal,18-May,17
Postnatal,18-Jun,10
Postnatal,18-Jul,9
Postnatal,18-Aug,23
Postnatal,18-Sep,12
Postnatal,18-Oct,13
Postnatal,18-Nov,12
Postnatal,18-Dec,0
Postnatal,19-Jan,13
Postnatal,19-Feb,15
Postnatal,19-Mar,12
Postnatal,19-Apr,8
Postnatal,19-May,13
Postnatal,19-Jun,11
Postnatal,19-Jul,15
Postnatal,19-Aug,15
Postnatal,19-Sep,17
Postnatal,19-Oct,15
Postnatal,19-Nov,16
Postnatal,19-Dec,16
Postnatal,20-Jan,28
Postnatal,20-Feb,19
Postnatal,20-Mar,10
Postnatal,20-Apr,0
Postnatal,20-May,11
Psychiatric-Including Child Guidance,18-Jan,189
Psychiatric-Including Child Guidance,18-Feb,170
Psychiatric-Including Child Guidance,18-Mar,194
Psychiatric-Including Child Guidance,18-Apr,163
Psychiatric-Including Child Guidance,18-May,176
Psychiatric-Including Child Guidance,18-Jun,165
Psychiatric-Including Child Guidance,18-Jul,186
Psychiatric-Including Child Guidance,18-Aug,155
Psychiatric-Including Child Guidance,18-Sep,142
Psychiatric-Including Child Guidance,18-Oct,223
Psychiatric-Including Child Guidance,18-Nov,208
Psychiatric-Including Child Guidance,18-Dec,126
Psychiatric-Including Child Guidance,19-Jan,218
Psychiatric-Including Child Guidance,19-Feb,201
Psychiatric-Including Child Guidance,19-Mar,201
Psychiatric-Including Child Guidance,19-Apr,225
Psychiatric-Including Child Guidance,19-May,201
Psychiatric-Including Child Guidance,19-Jun,171
Psychiatric-Including Child Guidance,19-Jul,254
Psychiatric-Including Child Guidance,19-Aug,176
Psychiatric-Including Child Guidance,19-Sep,149
Psychiatric-Including Child Guidance,19-Oct,159
Psychiatric-Including Child Guidance,19-Nov,205
Psychiatric-Including Child Guidance,19-Dec,157
Psychiatric-Including Child Guidance,20-Jan,233
Psychiatric-Including Child Guidance,20-Feb,197
Psychiatric-Including Child Guidance,20-Mar,88
Psychiatric-Including Child Guidance,20-Apr,0
Psychiatric-Including Child Guidance,20-May,23
Respiratory Clinic,18-Jan,0
Respiratory Clinic,18-Feb,0
Respiratory Clinic,18-Mar,0
Respiratory Clinic,18-Apr,0
Respiratory Clinic,18-May,0
Respiratory Clinic,18-Jun,0
Respiratory Clinic,18-Jul,0
Respiratory Clinic,18-Aug,0
Respiratory Clinic,18-Sep,0
Respiratory Clinic,18-Oct,0
Respiratory Clinic,18-Nov,0
Respiratory Clinic,18-Dec,0
Respiratory Clinic,19-Jan,0
Respiratory Clinic,19-Feb,0
Respiratory Clinic,19-Mar,0
Respiratory Clinic,19-Apr,0
Respiratory Clinic,19-May,0
Respiratory Clinic,19-Jun,0
Respiratory Clinic,19-Jul,0
Respiratory Clinic,19-Aug,0
Respiratory Clinic,19-Sep,0
Respiratory Clinic,19-Oct,0
Respiratory Clinic,19-Nov,0
Respiratory Clinic,19-Dec,0
Respiratory Clinic,20-Jan,0
Respiratory Clinic,20-Feb,12
Respiratory Clinic,20-Mar,11
Respiratory Clinic,20-Apr,1
Respiratory Clinic,20-May,0
Rheumatology,18-Jan,24
Rheumatology,18-Feb,37
Rheumatology,18-Mar,29
Rheumatology,18-Apr,36
Rheumatology,18-May,28
Rheumatology,18-Jun,34
Rheumatology,18-Jul,26
Rheumatology,18-Aug,36
Rheumatology,18-Sep,15
Rheumatology,18-Oct,54
Rheumatology,18-Nov,23
Rheumatology,18-Dec,19
Rheumatology,19-Jan,32
Rheumatology,19-Feb,31
Rheumatology,19-Mar,35
Rheumatology,19-Apr,28
Rheumatology,19-May,33
Rheumatology,19-Jun,17
Rheumatology,19-Jul,33
Rheumatology,19-Aug,26
Rheumatology,19-Sep,18
Rheumatology,19-Oct,33
Rheumatology,19-Nov,21
Rheumatology,19-Dec,12
Rheumatology,20-Jan,20
Rheumatology,20-Feb,22
Rheumatology,20-Mar,14
Rheumatology,20-Apr,3
Rheumatology,20-May,9
Social Worker-Physical (Medical),18-Jan,
Social Worker-Physical (Medical),18-Feb,
Social Worker-Physical (Medical),18-Mar,
Social Worker-Physical (Medical),18-Apr,
Social Worker-Physical (Medical),18-May,
Social Worker-Physical (Medical),18-Jun,
Social Worker-Physical (Medical),18-Jul,
Social Worker-Physical (Medical),18-Aug,
Social Worker-Physical (Medical),18-Sep,
Social Worker-Physical (Medical),18-Oct,14
Social Worker-Physical (Medical),18-Nov,12
Social Worker-Physical (Medical),18-Dec,12
Social Worker-Physical (Medical),19-Jan,15
Social Worker-Physical (Medical),19-Feb,16
Social Worker-Physical (Medical),19-Mar,16
Social Worker-Physical (Medical),19-Apr,17
Social Worker-Physical (Medical),19-May,18
Social Worker-Physical (Medical),19-Jun,18
Social Worker-Physical (Medical),19-Jul,14
Social Worker-Physical (Medical),19-Aug,14
Social Worker-Physical (Medical),19-Sep,14
Social Worker-Physical (Medical),19-Oct,14
Social Worker-Physical (Medical),19-Nov,14
Social Worker-Physical (Medical),19-Dec,15
Social Worker-Physical (Medical),20-Jan,14
Social Worker-Physical (Medical),20-Feb,0
Social Worker-Physical (Medical),20-Mar,0
Social Worker-Physical (Medical),20-Apr,0
Social Worker-Physical (Medical),20-May,0
Social Worker-Psychiatric,18-Jan,142
Social Worker-Psychiatric,18-Feb,75
Social Worker-Psychiatric,18-Mar,68
Social Worker-Psychiatric,18-Apr,61
Social Worker-Psychiatric,18-May,59
Social Worker-Psychiatric,18-Jun,152
Social Worker-Psychiatric,18-Jul,110
Social Worker-Psychiatric,18-Aug,128
Social Worker-Psychiatric,18-Sep,131
Social Worker-Psychiatric,18-Oct,54
Social Worker-Psychiatric,18-Nov,145
Social Worker-Psychiatric,18-Dec,122
Social Worker-Psychiatric,19-Jan,132
Social Worker-Psychiatric,19-Feb,138
Social Worker-Psychiatric,19-Mar,138
Social Worker-Psychiatric,19-Apr,144
Social Worker-Psychiatric,19-May,145
Social Worker-Psychiatric,19-Jun,140
Social Worker-Psychiatric,19-Jul,138
Social Worker-Psychiatric,19-Aug,144
Social Worker-Psychiatric,19-Sep,142
Social Worker-Psychiatric,19-Oct,144
Social Worker-Psychiatric,19-Nov,145
Social Worker-Psychiatric,19-Dec,147
Social Worker-Psychiatric,20-Jan,145
Social Worker-Psychiatric,20-Feb,149
Social Worker-Psychiatric,20-Mar,149
Social Worker-Psychiatric,20-Apr,149
Social Worker-Psychiatric,20-May,153
Speech & Language Therapy,18-Jan,573
Speech & Language Therapy,18-Feb,470
Speech & Language Therapy,18-Mar,515
Speech & Language Therapy,18-Apr,496
Speech & Language Therapy,18-May,501
Speech & Language Therapy,18-Jun,320
Speech & Language Therapy,18-Jul,596
Speech & Language Therapy,18-Aug,280
Speech & Language Therapy,18-Sep,253
Speech & Language Therapy,18-Oct,96
Speech & Language Therapy,18-Nov,116
Speech & Language Therapy,18-Dec,132
Speech & Language Therapy,19-Jan,141
Speech & Language Therapy,19-Feb,143
Speech & Language Therapy,19-Mar,136
Speech & Language Therapy,19-Apr,144
Speech & Language Therapy,19-May,155
Speech & Language Therapy,19-Jun,169
Speech & Language Therapy,19-Jul,203
Speech & Language Therapy,19-Aug,211
Speech & Language Therapy,19-Sep,156
Speech & Language Therapy,19-Oct,162
Speech & Language Therapy,19-Nov,188
Speech & Language Therapy,19-Dec,153
Speech & Language Therapy,20-Jan,158
Speech & Language Therapy,20-Feb,159
Speech & Language Therapy,20-Mar,101
Speech & Language Therapy,20-Apr,0
Speech & Language Therapy,20-May,0
Surgical,18-Jan,307
Surgical,18-Feb,269
Surgical,18-Mar,351
Surgical,18-Apr,328
Surgical,18-May,320
Surgical,18-Jun,225
Surgical,18-Jul,227
Surgical,18-Aug,336
Surgical,18-Sep,265
Surgical,18-Oct,350
Surgical,18-Nov,368
Surgical,18-Dec,220
Surgical,19-Jan,333
Surgical,19-Feb,287
Surgical,19-Mar,347
Surgical,19-Apr,295
Surgical,19-May,347
Surgical,19-Jun,264
Surgical,19-Jul,288
Surgical,19-Aug,316
Surgical,19-Sep,312
Surgical,19-Oct,329
Surgical,19-Nov,362
Surgical,19-Dec,286
Surgical,20-Jan,371
Surgical,20-Feb,284
Surgical,20-Mar,154
Surgical,20-Apr,17
Surgical,20-May,24
Thyroid,18-Jan,0
Thyroid,18-Feb,0
Thyroid,18-Mar,0
Thyroid,18-Apr,0
Thyroid,18-May,0
Thyroid,18-Jun,0
Thyroid,18-Jul,0
Thyroid,18-Aug,0
Thyroid,18-Sep,0
Thyroid,18-Oct,0
Thyroid,18-Nov,0
Thyroid,18-Dec,0
Thyroid,19-Jan,0
Thyroid,19-Feb,0
Thyroid,19-Mar,0
Thyroid,19-Apr,0
Thyroid,19-May,0
Thyroid,19-Jun,0
Thyroid,19-Jul,0
Thyroid,19-Aug,0
Thyroid,19-Sep,0
Thyroid,19-Oct,13
Thyroid,19-Nov,11
Thyroid,19-Dec,0
Thyroid,20-Jan,13
Thyroid,20-Feb,10
Thyroid,20-Mar,9
Thyroid,20-Apr,0
Thyroid,20-May,0
Tissue Viability Clinic,18-Jan,264
Tissue Viability Clinic,18-Feb,285
Tissue Viability Clinic,18-Mar,333
Tissue Viability Clinic,18-Apr,346
Tissue Viability Clinic,18-May,327
Tissue Viability Clinic,18-Jun,269
Tissue Viability Clinic,18-Jul,313
Tissue Viability Clinic,18-Aug,260
Tissue Viability Clinic,18-Sep,356
Tissue Viability Clinic,18-Oct,370
Tissue Viability Clinic,18-Nov,308
Tissue Viability Clinic,18-Dec,320
Tissue Viability Clinic,19-Jan,275
Tissue Viability Clinic,19-Feb,324
Tissue Viability Clinic,19-Mar,304
Tissue Viability Clinic,19-Apr,257
Tissue Viability Clinic,19-May,279
Tissue Viability Clinic,19-Jun,367
Tissue Viability Clinic,19-Jul,368
Tissue Viability Clinic,19-Aug,368
Tissue Viability Clinic,19-Sep,398
Tissue Viability Clinic,19-Oct,407
Tissue Viability Clinic,19-Nov,391
Tissue Viability Clinic,19-Dec,475
Tissue Viability Clinic,20-Jan,431
Tissue Viability Clinic,20-Feb,237
Tissue Viability Clinic,20-Mar,295
Tissue Viability Clinic,20-Apr,135
Tissue Viability Clinic,20-May,245
Urology,18-Jan,129
Urology,18-Feb,145
Urology,18-Mar,126
Urology,18-Apr,118
Urology,18-May,180
Urology,18-Jun,112
Urology,18-Jul,127
Urology,18-Aug,137
Urology,18-Sep,107
Urology,18-Oct,139
Urology,18-Nov,71
Urology,18-Dec,57
Urology,19-Jan,157
Urology,19-Feb,114
Urology,19-Mar,139
Urology,19-Apr,135
Urology,19-May,138
Urology,19-Jun,90
Urology,19-Jul,121
Urology,19-Aug,104
Urology,19-Sep,94
Urology,19-Oct,148
Urology,19-Nov,125
Urology,19-Dec,81
Urology,20-Jan,118
Urology,20-Feb,112
Urology,20-Mar,46
Urology,20-Apr,1
Urology,20-May,5
Visual Fields,18-Jan,3
Visual Fields,18-Feb,4
Visual Fields,18-Mar,7
Visual Fields,18-Apr,3
Visual Fields,18-May,7
Visual Fields,18-Jun,4
Visual Fields,18-Jul,4
Visual Fields,18-Aug,3
Visual Fields,18-Sep,1
Visual Fields,18-Oct,2
Visual Fields,18-Nov,2
Visual Fields,18-Dec,2
Visual Fields,19-Jan,5
Visual Fields,19-Feb,4
Visual Fields,19-Mar,1
Visual Fields,19-Apr,1
Visual Fields,19-May,4
Visual Fields,19-Jun,2
Visual Fields,19-Jul,3
Visual Fields,19-Aug,4
Visual Fields,19-Sep,4
Visual Fields,19-Oct,11
Visual Fields,19-Nov,24
Visual Fields,19-Dec,0
Visual Fields,20-Jan,32
Visual Fields,20-Feb,11
Visual Fields,20-Mar,7
Visual Fields,20-Apr,0
Visual Fields,20-May,0
